번호,구분,파일명,페이지 제목,대표 키워드
1,확장형,camera-lawyer.html,"카메라등이용촬영변호사 | 불법촬영 혐의 초기 대응 가이드",카메라등이용촬영변호사
2,확장형,camera-crime-lawyer.html,"카메라등이용촬영죄변호사 | 성립요건과 처벌 쟁점",카메라등이용촬영죄변호사
3,확장형,camera-specialist-lawyer.html,"카메라등이용촬영전문변호사 | 포렌식과 진술 분석",카메라등이용촬영전문변호사
4,확장형,camera-allegation-lawyer.html,"카메라등이용촬영혐의변호사 | 억울한 신고 대응 방법",카메라등이용촬영혐의변호사
5,확장형,camera-first-offense-lawyer.html,"카메라등이용촬영초범변호사 | 초범 처벌과 양형자료",카메라등이용촬영초범변호사
6,확장형,camera-repeat-offense-lawyer.html,"카메라등이용촬영재범변호사 | 반복 촬영과 재범 위험 대응",카메라등이용촬영재범변호사
7,확장형,camera-suspect-lawyer.html,"카메라등이용촬영피의자변호사 | 피의자 조사 준비 체크리스트",카메라등이용촬영피의자변호사
8,확장형,camera-police-investigation-lawyer.html,"카메라등이용촬영경찰조사변호사 | 첫 조사 전 준비사항",카메라등이용촬영경찰조사변호사
9,확장형,camera-search-seizure-lawyer.html,"카메라등이용촬영압수수색변호사 | 휴대전화 영장 집행 대응",카메라등이용촬영압수수색변호사
10,확장형,camera-trial-lawyer.html,"카메라등이용촬영형사재판변호사 | 공판 준비와 증거 다툼",카메라등이용촬영형사재판변호사
11,검색의도형,camera-police-call.html,"카메라등이용촬영변호사 경찰 조사 연락을 받았다면 가장 먼저 해야 할 일",카메라등이용촬영변호사
12,검색의도형,camera-before-statement.html,"카메라등이용촬영변호사 혐의를 받았다면 진술 전에 꼭 확인해야 할 사항",카메라등이용촬영변호사
13,검색의도형,camera-first-offense-prison.html,"카메라등이용촬영변호사 초범도 실형이 선고될 수 있을까",카메라등이용촬영변호사
14,검색의도형,camera-phone-seized.html,"카메라등이용촬영변호사 휴대전화를 압수당했다면 어떻게 대응해야 할까",카메라등이용촬영변호사
15,검색의도형,camera-deleted-files.html,"카메라등이용촬영변호사 촬영한 사진이나 영상을 삭제해도 처벌될 수 있을까",카메라등이용촬영변호사
16,검색의도형,camera-settlement-deferred-prosecution.html,"카메라등이용촬영변호사 피해자와 합의하면 기소유예를 받을 가능성이 높아질까",카메라등이용촬영변호사
17,검색의도형,camera-no-distribution.html,"카메라등이용촬영변호사 촬영물을 유포하지 않았는데도 처벌받을 수 있을까",카메라등이용촬영변호사
18,검색의도형,camera-accidental-capture.html,"카메라등이용촬영변호사 우연히 촬영된 경우에도 혐의가 인정될 수 있을까",카메라등이용촬영변호사
19,검색의도형,camera-false-accusation.html,"카메라등이용촬영변호사 억울한 혐의를 받고 있다면 무엇부터 준비해야 할까",카메라등이용촬영변호사
20,검색의도형,camera-lawyer-timing.html,"카메라등이용촬영변호사 경찰 조사 전에 변호사를 선임해야 하는 이유",카메라등이용촬영변호사